variantId	chromosome	begin	end	varType	reference	alleleSeq	xRef	asmId	asmId
1	chr1	85	85	ins		G		01	01
2	chr1	323	324	snp	T	C		1N	00
3	chr1	1203	1204	snp	C	T		11	01
4	chr1	1874	1875	snp	G	C		01	01
5	chr1	2335	2336	snp	G	A		11	11
6	chr1	3262	3263	del	T			01	01
7	chr1	3463	3464	snp	C	T		01	01
8	chr1	5081	5082	snp	G	A		01	01
9	chr1	6200	6200	ins		GA		11	11
10	chr1	6596	6597	snp	A	G		01	01
11	chr1	6710	6711	snp	T	C		01	01
12	chr1	6712	6714	sub	TA	CA		01	0N
13	chr2	761	762	snp	C	A		01	N
14	chr2	1064	1065	snp	G	C		01	N
15	chr2	1788	1789	snp	T	A		11	N
16	chr2	2622	2623	snp	C	T		01	N
17	chr2	2809	2809	ins		A		11	N
18	chr2	3079	3080	snp	A	G		11	N
19	chr2	3967	3968	snp	C	T		01	N
20	chr2	5008	5009	snp	G	A		01	N
21	chr2	5174	5175	snp	T	C		01	N
22	chr2	6127	6128	snp	T	A		11	N
23	chr2	7372	7373	snp	C	T		01	N
24	chr2	7604	7605	snp	T	C		01	N
25	chr2	7709	7710	snp	A	G		01	N
26	chr2	8842	8843	snp	T	C		01	N
27	chr2	9373	9374	snp	A	G		01	N
28	chr2	12457	12458	snp	C	T		01	N
29	chr2	13029	13030	snp	T	C		01	N
30	chr2	13951	13952	snp	A	C		11	N
31	chrM	363	363	ins		A		1	N
32	chrM	954	955	snp	T	C		1	1
33	chrM	3385	3386	del	A			1	N
34	chrM	3403	3406	sub	CTA	TTG		1	N
35	chrM	3659	3659	ins		T		1	1
36	chrM	4096	4097	snp	C	G		1	1
37	chrM	4567	4568	snp	T	G		1	1
38	chrM	4923	4924	snp	A	G		1	1
39	chrM	5993	5994	snp	C	G		1	1
40	chrM	10268	10269	snp	C	T		1	1
41	chrM	10337	10343	del	ATTAAT			1	1
42	chrM	10355	10356	snp	C	A		1	1
43	chrM	10601	10602	snp	T	A		1	1
44	chrM	10791	10792	snp	T	C		1	1
45	chrM	13118	13119	snp	T	C		1	1
46	chrM	13465	13466	snp	A	G		1	1
47	chrM	14928	14929	snp	C	A		1	1
