>locus	ploidy	allele	chromosome	begin	end	varType	reference	alleleSeq	totalScore	hapLink	xRef
1	2	all	chr1	0	1	no-call	=	?			
2	2	all	chr1	1	7	ref	=	=			
3	2	1	chr1	7	8	snp	C	T	87	1	dbsnp:123
3	2	2	chr1	7	8	ref	C	C	58	2	dbsnp:123
4	2	all	chr1	8	13	ref	=	=			
5	2	1	chr1	13	13	ins		A	36		
5	2	2	chr1	13	13	ins		A	42		
6	2	all	chr1	13	22	ref	=	=			
7	2	1	chr1	22	24	del	AT		47	1	
7	2	2	chr1	22	24	ref	AT	AT	55	2	
8	2	all	chr1	24	29	ref	=	=			
9	2	1	chr1	29	31	ref	CC	CC	57	1	
9	2	2	chr1	29	31	no-call-ri	CC	TN	65	2	
10	2	all	chr1	31	40	ref	=	=			
11	2	1	chr1	40	41	ref	G	G	101	1	
11	2	1	chr1	41	41	ins		GG	120	1	
11	2	2	chr1	40	41	snp	G	T	479	2	
12	2	all	chr1	41	42	ref	=	=			
13	1	all	chr2	0	10	ref	=	=			
14	1	1	chr2	10	11	no-call-rc	C	N	47		
15	1	all	chr2	11	18	ref	=	=			
16	1	1	chr2	18	20	sub	TT	CG	102		
17	1	all	chr2	20	27	ref	=	=			
