RsVal	DbSnpSnps	Chromosome	Offset0Based	GenotypesStrand	Genotypes	Reference	VariantFile	DiscordantAlleles	NoCallAlleles
rs123	C/T	chr1	0	+	TT	T	NN	0	2
rs123	C/T	chr1	20	-	GG	G	GN	1	1
rs123	C/T	chr1	84	+	GG	G	GG	0	0
rs123	C/T	chr1	85	-	GA	A	AA	2	0
rs123	C/T	chr1	86	-	CN	C	CN	0	1
rs123	C/T	chr1	323	+	AA	T	CN	1	1
rs123	C/T	chr1	600	+	.-	A	AA	2	0
rs123	C/T	chr1	1203	+	AT	C	TT	1	0
rs123	C/T	chr1	2335	+	AA	G	AA	0	0
rs123	C/T	chr1	3262	+	TT	T	-T	1	0
rs123	C/T	chr2	761	-	CT	C	AC	1	0
rs123	C/T	chr2	3267	-	AA	T	NN	0	2
rs123	C/T	chr2	5008	+	AA	G	AG	1	0
rs123	C/T	chrM	0	+	GG	G	N	0	2
rs123	C/T	chrM	20	+	CC	A	A	2	0
rs123	C/T	chrM	950	+	CA	T	T	2	0
rs123	C/T	chrM	954	-	GN	T	C	0	0
rs123	C/T	chrM	3385	+	NN	A	-	2	0
rs123	C/T	chrM	3386	+	NN	T	T	0	0
rs123	C/T	chrM	3402	-	AC	A	A	2	0
rs123	C/T	chrM	3403	+	CA	C	T	2	0
rs123	C/T	chrM	3404	+	CC	T	.	2	0
rs123	C/T	chrM	3405	-	CC	A	G	0	0
rs123	C/T	chrM	3406	+	GG	C	C	2	0
rs123	C/T	chrM	4096	+	TT	C	G	2	0
rs123	C/T	chrM	10340	+	TT	A	-	2	0
rs123	C/T	chrM	16566	+	GG	C	N	0	2
