RsVal	DbSnpSnps	Chromosome	Offset0Based	GenotypesStrandIgnored	Genotypes
rs123	C/T	chr1	0	+	TT
rs123	C/T	chr1	20	-	GG
rs123	C/T	chr1	84	+	GG
rs123	C/T	chr1	85	-	GA
rs123	C/T	chr2	761	-	CT
rs123	C/T	chr1	86	-	CN
rs123	C/T	chr1	323	+	AA
rs123	C/T	chr1	600	+	.-
rs123	C/T	chr1	1203	+	AT
rs123	C/T	chr1	3262	+	TT
rs123	C/T	chr2	3267	-	AA
rs123	C/T	chrM	0	+	GG
rs123	C/T	chrM	20	+	CC
rs123	C/T	chrM	950	+	CA
rs123	C/T	chrM	954	-	GN
rs123	C/T	chrM	3385	+	NN
rs123	C/T	chrM	3386	+	NN
rs123	C/T	chr2	5008	+	AA
rs123	C/T	chrM	3402	-	AC
rs123	C/T	chrM	3404	+	CC
rs123	C/T	chrM	3403	+	CA
rs123	C/T	chrM	3405	-	CC
rs123	C/T	chrM	3406	+	GG
rs123	C/T	chrM	4096	+	TT
rs123	C/T	chrM	10340	+	TT
rs123	C/T	chrM	16566	+	GG
rs123	C/T	chr1	2335	+	AA
